id,nome,preco
1,Produto 1,11.0
2,Produto 2,12.0
3,Produto 3,13.0
4,Produto 4,14.0
5,Produto 5,15.0
6,Produto 6,16.0
7,Produto 7,17.0
8,Produto 8,18.0
9,Produto 9,19.0
10,Produto 10,20.0
11,Produto 11,21.0
12,Produto 12,22.0
13,Produto 13,23.0
14,Produto 14,24.0
15,Produto 15,25.0
16,Produto 16,26.0
17,Produto 17,27.0
18,Produto 18,28.0
19,Produto 19,29.0
20,Produto 20,30.0
21,Produto 21,31.0
22,Produto 22,32.0
23,Produto 23,33.0
24,Produto 24,34.0
25,Produto 25,35.0
26,Produto 26,36.0
27,Produto 27,37.0
28,Produto 28,38.0
29,Produto 29,39.0
30,Produto 30,40.0
31,Produto 31,41.0
32,Produto 32,42.0
33,Produto 33,43.0
34,Produto 34,44.0
35,Produto 35,45.0
36,Produto 36,46.0
37,Produto 37,47.0
38,Produto 38,48.0
39,Produto 39,49.0
40,Produto 40,50.0
41,Produto 41,51.0
42,Produto 42,52.0
43,Produto 43,53.0
44,Produto 44,54.0
45,Produto 45,55.0
46,Produto 46,56.0
47,Produto 47,57.0
48,Produto 48,58.0
49,Produto 49,59.0
50,Produto 50,60.0
51,Produto 51,61.0
52,Produto 52,62.0
53,Produto 53,63.0
54,Produto 54,64.0
55,Produto 55,65.0
56,Produto 56,66.0
57,Produto 57,67.0
58,Produto 58,68.0
59,Produto 59,69.0
60,Produto 60,70.0
61,Produto 61,71.0
62,Produto 62,72.0
63,Produto 63,73.0
64,Produto 64,74.0
65,Produto 65,75.0
66,Produto 66,76.0
67,Produto 67,77.0
68,Produto 68,78.0
69,Produto 69,79.0
70,Produto 70,80.0
71,Produto 71,81.0
72,Produto 72,82.0
73,Produto 73,83.0
74,Produto 74,84.0
75,Produto 75,85.0
76,Produto 76,86.0
77,Produto 77,87.0
78,Produto 78,88.0
79,Produto 79,89.0
80,Produto 80,90.0
81,Produto 81,91.0
82,Produto 82,92.0
83,Produto 83,93.0
84,Produto 84,94.0
85,Produto 85,95.0
86,Produto 86,96.0
87,Produto 87,97.0
88,Produto 88,98.0
89,Produto 89,99.0
90,Produto 90,100.0
91,Produto 91,101.0
92,Produto 92,102.0
93,Produto 93,103.0
94,Produto 94,104.0
95,Produto 95,105.0
96,Produto 96,106.0
97,Produto 97,107.0
98,Produto 98,108.0
99,Produto 99,109.0
100,Produto 100,110.0
